title,content,date,variant,images,verified,author,rating,product,url,Sentiment
Good product,"Phone is perfect for the price range but it doesn't have gorilla glass so screen can broke easily and can get scratched, so do not drop it and buy a back cover It comes with a ordinary screen protector though. Picture quality is best in this class I can assure you that. Sound quality is loud and clear. Bettery life is good can last a day with average usage. Best point is it does not get hot during heavy tasks and while charging or while talking for long time. Face recognition does not work in low light. If your fingers are dirty, oily or wet the finger print scanner will not open your lock which I think is a good point because it means it is more safer and will not open if someone try to open it with a fake finger print of yours UI (user interface) is best which EMUI its has its own app locker, and a safe which can encrypt your data with your finger print and password, you can store files in it which you don't want others to see. It has a split screen feature in which you can run 2 applications simultaneously. You can run videos over other app in a small window. These are some of its features. And the UI is constantly monitor the applications to increase battery performance and close them when you turn the screen off, it is a very good feature but it has some side effects like it won't let you run the music apps like vlc or any other music app in the background and you have to change the settings little bit to run them in background when screen is off, you have to remove the auto optimization over the music app you are using in the settings. That's all I got afters months of use",05-Oct-18,,,Yes,avinash dubey,4,"Honor 7C Gold (5.99"" FullView Display, 64GB)","https://www.amazon.in/Honor-Gold-5-99-FullView-Display/product-reviews/B0784D862R/ref=cm_cr_dp_d_show_all_btm?ie=UTF8&reviewerType=all_reviews
",Positive
Over heating product from Motorola.,I disliked the product. It's overheating while using any app. And super heating while on charging. In fact it's so hot that I can iron my clothes with it. I wondered why Motorola didn't hilight this iron heating portable iron feature in commercial. Also they do not provide you the replacement in customer care center they just keep repairing your brand new phone and will make it refurbished. Don't buy it people. I lost my faith in Motorola Lenovo.,19-Oct-18,Colour: Lunar Grey,,Yes,Amazon Customer,1,"Motorola G5s Plus (Lunar Grey, 64GB)",https://www.amazon.in/Moto-Plus-Lunar-Grey-64GB/product-reviews/B071HWTHPH/ref=cm_cr_dp_d_show_all_btm?ie=UTF8&reviewerType=all_reviews,Negative
Defective mobile and poor service,"Look wise this is good but it's performance was pathetic. I am writing this after almost two years of usage. Twice it stopped charging. Second time , after warranty period, service centre changed motherboard. Withing one month it again developed charging issues. Touch sensor not working properly. Camera is below average. Low light picture taking is poor.  Now better mobiles are available. This is my second Lenovo phone. First one died untimely without any warning. Lenovo service centre couldn't do anything. Pathetic service. Lost 20k on it. Never again I will go with Lenovo.",27-Aug-19,,,Yes,Pankaj kumar Jha,1,Lenovo K6 Note (Silver),"https://www.amazon.in/Lenovo-K6-Note-Silver/product-reviews/B01N7IZM1H/ref=cm_cr_dp_d_show_all_btm?ie=UTF8&reviewerType=all_reviews
",Negative
Delicate Product,"I am a fan of Moto G series mainly due to its durability and have been using it since its introduction. But Moto E5 Plus disappointed me badly. A minor drop on the floor resulted in a damaged screen within one month of purchase. The 5000mAh battery also started draining very quickly within the same period even with normal usage. There are a no of other brands available for the same price, so choose wisely.",12-Oct-18,Colour: black,,Yes,Prashant Aggarwal,1,"Moto E5 Plus (Black, 3GB RAM, 32GB Storage)","https://www.amazon.in/Moto-Plus-Indigo-Black-battery/product-reviews/B077PWK5BT/ref=cm_cr_dp_d_show_all_btm?ie=UTF8&reviewerType=all_reviews
",Negative
"Though Snapdragon 430 is a Frustrating For The Price, It's Not That Bad For Daily Tasks!","Picture Quality - Well, Picture Is Great. Its Not Eye Popping Saturation. The Whites Of This Screen are on the Warmer side, which is good for the eyes. Brightness is no issue. One Can Easily See Under Direct Sunlight - The Polarised Glass Is The Champ here. Sound Quality - 1st thing's First. It's a Budget Phone With a Stereo Setup ( Don't Compare with Pixel, Note9,or any Iphone from iphone7). . Ok now, Volume is Not High. Don't expect Loud Tweeting Sound. The Sound Has Some Serious Bass For a Phone Speaker. The Stereo Effect Can Be Easily Experienced from a Volume Level of 70% Onwards, which is Stunning ! Awesome!. Clear voice , clear sfx. Only sometimes it gets a lil muffled but thats fine. Battery Life - It Carries Out Your â†’ 1.Daily Basics For A Day (FB, Whatsapp,Instagram,Twitter,Camera) 2.It Doesn't Let Down When Listening to Music. After 3 hours of continuous Listening (wired headset) with a very Little WhatsApp Messaging , it Consumed only a 5% Battery(How great js that!). 3.Play Games and Watch Youtube a Lot? Charge it Thrice/Two Days. Gaming - won't waste Much time. Just Saying. I Won 12 Chicken Dinners. I Hope Everyone Gets it ! (Lowest setting) Software and Updates - it's Been Very Regular. Security Updates by the First Week of Every Month. OS Upgrade to Pie By January. Seamless Stock Android Experience!",04-Dec-18,,,Yes,Loyal Customer,4,"Nokia 6 (Matte Black, 32GB)","https://www.amazon.in/Nokia-6-Matte-Black-32GB/product-reviews/B072LNVPMN/ref=cm_cr_dp_d_show_all_btm?ie=UTF8&reviewerType=all_reviews
",Positive
Worst phone dont buy,Camera is not that much good in low lighting worst performance and the main Problemâ€‹ is in wifi issue disconnected randomly over all not worth to buy,27-Sep-17,Colour: Lunar Grey,,Yes,sameer shaikh,1,"Motorola G5s Plus (Lunar Grey, 64GB)",https://www.amazon.in/Moto-Plus-Lunar-Grey-64GB/product-reviews/B071HWTHPH/ref=cm_cr_dp_d_show_all_btm?ie=UTF8&reviewerType=all_reviews,Negative
Bad Camera. Depth of field is digital blur based on software,Pros: 1)Screen (Anti Glare) It does not hurt eyes at full brightness even at night. 2)Long lasting Battery - I get 3 days of backup with normal use. 3)Fast Fingerprint Response. 4)Smooth Gameplay. 5)Speakers are very loud and pleasing. Cons: 1)Very Bad Camera : The Picture Quality of REAR camera as well as FRONT Camera is too bad than expected. The blur in image is software based not with the actual lens. When I Cover the one lens then also blur works.In reality one lens works as a main camera The Video Quality is very poor even with dual camera. The Video is too shaky even if the hands are steady. 2)WIFI : The wifi chip is too weak and disconnects at low signals and has a poor download and upload speed. 3)Selfie Flash is not too bright and the auto mode in selfie light does not work properly My Samsung j5 prime keeps the lowest signal connected.,06-Mar-19,,"https://images-na.ssl-images-amazon.com/images/I/710CoduIVdL._SY88.jpg
https://images-na.ssl-images-amazon.com/images/I/71OgvmqzT7L._SY88.jpg
https://images-na.ssl-images-amazon.com/images/I/71SjEIKexkL._SY88.jpg
https://images-na.ssl-images-amazon.com/images/I/71W6lH5yz8L._SY88.jpg
https://images-na.ssl-images-amazon.com/images/I/71ut8thaXBL._SY88.jpg
https://images-na.ssl-images-amazon.com/images/I/71vk2NqPWQL._SY88.jpg",Yes,Shivraj Gobbur,4,"Honor 7C Gold (5.99"" FullView Display, 64GB)","https://www.amazon.in/Honor-Gold-5-99-FullView-Display/product-reviews/B0784D862R/ref=cm_cr_dp_d_show_all_btm?ie=UTF8&reviewerType=all_reviews
",Positive
Best phone in this price segment.,"Camera is very poor in low light conditions, but superb in outdoor photography. Battery will last for minimum 15 hours for an average user even mobile data is on. Speakers are very good. Only one disappointment is, its size is very large, very hard to use single handed. No heating, hanging problems. Gaming is also very nice. Best phone in this price segment.",19-Aug-18,,,Yes,BiLal,5,"Honor 7C Gold (5.99"" FullView Display, 64GB)","https://www.amazon.in/Honor-Gold-5-99-FullView-Display/product-reviews/B0784D862R/ref=cm_cr_dp_d_show_all_btm?ie=UTF8&reviewerType=all_reviews
",Positive
worst model.,I had faced so many issues in this product. They r not giving refundable option.worst model.,04-Feb-18,,,Yes,Rajesh,1,Lenovo A6600 Plus (Black),"https://www.amazon.in/Lenovo-A6600-Plus-Black/product-reviews/B01M0OXV1V/ref=cm_cr_dp_d_show_all_btm?ie=UTF8&reviewerType=all_reviews
",Negative
"Innovative robbery  ""HMD Global""","HMD Global is Spoiling the Old Nokia name. I brought this phone on 23 August 2017. I have faced so many issue and too much hanging problem Not only Nokia 6, Whichever Nokia phone is manufactured from ""HMD Global"" all Mobile has Hanging issue. Look wise it's good but not worthy, you shouldn't rely on this phone, unbelievable product suddenly it goes to coma stage. Apparently It's Not worth for even Rs: 10K, Who ever Posted Positive Comments they surely come back and post their grievance. I LOVE NOKIA PHONE BUT NOT FROM THE ""HMD GLOBAL"", Big Good Bye for ""HMD Global - Nokia"".",09-Sep-17,,,Yes,Sivakumar,1,"Nokia 6 (Silver, 32GB)","https://www.amazon.in/Nokia-6-Silver-32GB/product-reviews/B071Z97ZV5/ref=cm_cr_dp_d_show_all_btm?ie=UTF8&reviewerType=all_reviews
",Negative
One Star,Poor product... Mobile does not work properly auto on off is major problem in this device,15-Jul-17,,,Yes,Amazon Customer,1,Lenovo A6600 Plus (Black),"https://www.amazon.in/Lenovo-A6600-Plus-Black/product-reviews/B01M0OXV1V/ref=cm_cr_dp_d_show_all_btm?ie=UTF8&reviewerType=all_reviews
",Negative
Promise kept,Thanks for fast delivery. Nice product..,06-Jun-17,,,Yes,Pcdhar,4,Lenovo A6600 Plus (Black),"https://www.amazon.in/Lenovo-A6600-Plus-Black/product-reviews/B01M0OXV1V/ref=cm_cr_dp_d_show_all_btm?ie=UTF8&reviewerType=all_reviews
",Positive
Complete review of NOKIA 8 *it has a major screen burn in issue*,"I have used this device for a bit more than 3 months now. Its overall a good device. I'll list few cons that I faced:- - The screen is very prone to scratches - There is a lack of good back covers for this model, which is still bearable but what really bothers me is lack of screen guards, since it has rounded edges, whatever screen guard I use comes off very soon. - The screen, atleast in my case, I noticed some defects in the screen, for example there are 4 icons on the notification tray, which have been there for more than 15 mins, after I clear those icons the notifications are gone, but the pixels still show a translucent shadow of those icons for the next 10 mins, this happens for everything that is displayed on the screen for a while, after I remove that thing, it's shadow/ghost remains on that area of screen.  Other than that, the screen is good, the colours are good.  And to be honest I don't mind the thick bezels. - Heating problem, yes ofcourse it's there, it's a 6000 series aluminium frame body, and Indian weather conditions, but it also heats up on excessive use for more than 20-30 mins. - No notification lights or a way to know if you have any extra notifications other than emails, missed calls or SMS. The always on display only caters to these 3 types of notifications, to see any other notifications, you'll have to turn on the screen. - The camera use BUT ONLY REGARDS STILL IMAGES, the quality is not at par with the competition in this price range ( I bought it for â‚¹28,000). Now the pros of this device!!!! - The build quality. It's a Nokia device, as expected IT IS VERY VERY STURDY! I frankly didn't find the point of buying a back cover, but I had to, since my hands are a bit slippery. - Battery and charging, amazing!! Charges quickly and lasts me most of the day ! Example: I take it off charging at 8am, use it throughout the day for calls, texting, surfing, music, some videos but not a lot of them, in that case the battery lasts till 7 pm. - Camera Quality REGARDING VIDEOS CAPTURED ON NOKIA 8, the sound quality in the videos shot in this device is INSANE! It's too good! So is the video quality! - Does not hang, for me it hasn't. - Too much storage space !! I have a memory card in it and the device storage, I carelessly download media, never have got to worry about storage on this device. - The finger print sensor is fast and quite good! Not a single scratch on it yet. - No scratches on the camera glass either. This is something I appreciate. - Sound quality, for calls it's very crisp and loud enough. For playing media, it's a single bottom firing speaker but it's quite clear and loud, I'd use the word satisfying. - Making calls, I noticed that the microphone is quite nice, my voice goes through clear and crisp. Also compared to other device I used with the same SIM, sitting on the same spot, I notice Nokia 8 recieved better signal for me. - In box earphones!!! First of all not all manufacturers give those, I'm glad Nokia does. Good sound, mic and button quality! In fact I think I'd like to buy an extra set of these. - Charger, fast and efficient. - Clean android, I do get monthly updates for security patches. All in all, I'd say I'm satisfied having bought this device. Even though I still have to get the screen replaced under warranty I guess, but all the same, enjoying it.",04-Oct-18,,,Yes,Sunny,3,"Nokia 8 (Polished Blue, 64GB)","https://www.amazon.in/Nokia-8-Polished-Blue-64GB/product-reviews/B0714DP3BJ/ref=cm_cr_dp_d_show_all_btm?ie=UTF8&reviewerType=all_reviews
",Neutral
Poor Experience with Lenovo and Amazon,"This product has a very poor performance interms of storage, OS, display and connectivity. I had a very bad experience with the product and the delivery by the third party logistics partner of Amazon India. This device stopped working in the 2nd week of its operation and Amazon being the seller has not provided any support against this. Very sorry to say that investing certain amount of time, energy and money into such trust-able brands (LENOVO & AMAZON) has made a fool out of its loyal customers. Now I think more than 10 times to order any dam thing from it & suggest the same for its prospected customers.",30-Nov-17,,,Yes,mani,1,Lenovo K6 Note (Silver),"https://www.amazon.in/Lenovo-K6-Note-Silver/product-reviews/B01N7IZM1H/ref=cm_cr_dp_d_show_all_btm?ie=UTF8&reviewerType=all_reviews
",Negative
Worst ell phone,"Easily the worst cell phone i have used. Battery lasts half a day. Hangs - You literally have to wait for 30 seconds before the phone makes any action. Heats up very easily too. I am contemplating buying a new phone but sine lenovo has bought motorola, I am thinking of not buying motorola. I shall never buy any lenovo product ever, cause of this bad experience.",10-Oct-18,,,Yes,pranay,1,Lenovo A6600 Plus (Black),"https://www.amazon.in/Lenovo-A6600-Plus-Black/product-reviews/B01M0OXV1V/ref=cm_cr_dp_d_show_all_btm?ie=UTF8&reviewerType=all_reviews
",Negative
Excellent,Nice product. Good mobile Excellent.,03-Jan-19,Colour: black,"https://images-na.ssl-images-amazon.com/images/I/616E10BSoZL._SY88.jpg
https://images-na.ssl-images-amazon.com/images/I/61yt0ZMgSxL._SY88.jpg",Yes,Raju Shah.,5,"Moto E5 Plus (Black, 3GB RAM, 32GB Storage)","https://www.amazon.in/Moto-Plus-Indigo-Black-battery/product-reviews/B077PWK5BT/ref=cm_cr_dp_d_show_all_btm?ie=UTF8&reviewerType=all_reviews
",Positive
It's a horrible phone with plethora of issues,It is one of the worst handsets I bought and motorlloa service has been really pathetic to say the least. Gifted this handset to my father and there was an issue with the speaker right of the bat .. sent it to service centre and they determined there is no water or physical damage and said they will get it fixed still after testing they refused to fix some.internal Ic issue as it's something that they cannot fix .. horrible service I would really ask everyone to stay away from Motorola and if I can get an escalation email that will be great,21-Aug-18,Colour: Lunar Grey,,Yes,Aman Sharma,1,"Motorola G5s Plus (Lunar Grey, 64GB)",https://www.amazon.in/Moto-Plus-Lunar-Grey-64GB/product-reviews/B071HWTHPH/ref=cm_cr_dp_d_show_all_btm?ie=UTF8&reviewerType=all_reviews,Negative
Valu for money,Moto x4 awesome mobile. Best Camera. Best mobile feature. Best body. Fast charging. Only problem is while charging phone heats up.,30-Jun-18,,,Yes,Amazon Customer,4,"Motorola Moto X4 (Super Black, 32GB)","https://www.amazon.in/Moto-X4-Super-Black-32GB/product-reviews/B07C7B1ZMS/ref=cm_cr_dp_d_show_all_btm?ie=UTF8&reviewerType=all_reviews
",Positive
Good but only one 4g sim,"ðŸ‡Battery life  18 hours without playing games..  only on using net like video and browsing.. ðŸ‡Battery charger is good speed..  charging in half hour 80% of battery. ,ðŸ’ good screen and gorilla glass ..no problem with drop from hand.. ðŸ‡Good looking and free handle with one hand. ðŸ‡PUBG game we can 4 hours only.. ðŸ‡ Android pie update available.. ðŸ‡ Overall is good. ðŸ‡Camera quality is good. ðŸ‡ Front camera excellent Negative is.  Two 4g sim (jio sim) not able to use at a time...",10-Jan-19,,"https://images-na.ssl-images-amazon.com/images/I/712b1JFGvVL._SY88.jpg
https://images-na.ssl-images-amazon.com/images/I/71RsH7q8gnL._SY88.jpg
https://images-na.ssl-images-amazon.com/images/I/81Z8GFHm6rL._SY88.jpg",Yes,prasanth,4,"Motorola Moto X4 (Super Black, 32GB)","https://www.amazon.in/Moto-X4-Super-Black-32GB/product-reviews/B07C7B1ZMS/ref=cm_cr_dp_d_show_all_btm?ie=UTF8&reviewerType=all_reviews
",Positive
Not so good. Just okay.,"Been using it four months. It's not that good. The dual camera doesn't take good pics in night or low lighting. Even the daylight pics are not so great. Processing has become slow in just three months. Google maps take time to load. (whether on wifi or 4G network). Needless to say, the phone feels quite bulky/heavy. Battery last for about 12 hours. The original build is very slippery - definitely needs a cover with better grip to handle. Otherwise it slips out and falls too often. Screen size is good and viewing experience is good.",03-May-18,,,Yes,manu,3,"Motorola G5s Plus (Lunar Grey, 64GB)",https://www.amazon.in/Moto-Plus-Lunar-Grey-64GB/product-reviews/B071HWTHPH/ref=cm_cr_dp_d_show_all_btm?ie=UTF8&reviewerType=all_reviews,Neutral
I love big phones with good camera and this phone really ...,I've been using this mobile for more than a month now. It is very handy. I love big phones with good camera and this phone really suits my need. The storage capacity and the power of the battery makes it a best phone than the ones I've been using before.,19-Sep-18,Colour: black,,Yes,P Rijied Lamare,5,"Moto E5 Plus (Black, 3GB RAM, 32GB Storage)","https://www.amazon.in/Moto-Plus-Indigo-Black-battery/product-reviews/B077PWK5BT/ref=cm_cr_dp_d_show_all_btm?ie=UTF8&reviewerType=all_reviews
",Positive
Worst phone don't buy.,"Battery drain very quick,it didn't last even 5hrs but in the add its showing that 18hrs of playback time. Lol ðŸ¤£.... Other draw backs. 1.Rapid charging ( just for attention only never mind) even it takes more than 6hrs to charge to get 100%*note when the phone is off. 2.face detection wont work and about the finger print reader,may be work some times like oru indian govt. ðŸ˜… 3.lock buttons & Volume buttons in wrong position. 4.I bought this phone on 27th nov and returned back , The funny thing is it didn't even detect the sim card ,networks ,and even wifi .... Hihi",27-Nov-18,Colour: black,,Yes,karma _wanderer,1,"Moto E5 Plus (Black, 3GB RAM, 32GB Storage)","https://www.amazon.in/Moto-Plus-Indigo-Black-battery/product-reviews/B077PWK5BT/ref=cm_cr_dp_d_show_all_btm?ie=UTF8&reviewerType=all_reviews
",Negative
Very very bad product,This phone is the worst possible ph I have ever used. Started giving me performance issues from the very day I bought it. Slow. Doesn't work if multiple apps are opened. Shuts down sometimes by itself. Takes a lot of time when trying to switch from one app to another. It has been just 2 and a half years I have been using this phone but now I am forced to change it anyways as suddenly the touch screen is behaving wierd and not working properly. The battery life is pathetic. Suddenly the upper part of my screen is turning black. Don't ever buy this phone.,18-Aug-20,,,Yes,Saptarshi Mukherjee,1,Lenovo K6 Note (Silver),"https://www.amazon.in/Lenovo-K6-Note-Silver/product-reviews/B01N7IZM1H/ref=cm_cr_dp_d_show_all_btm?ie=UTF8&reviewerType=all_reviews
",Negative
Not so impressed,"I see some lag few times. Finger print is so sensitive that most of the times I have to use pin to unlock. Camera is good with features. Auto brightness does not work, most of the times I got to do manually. I used Moto models before, but being a new edition I don't feel any difference from previous models except OS pie. Do not want to spend again for new phone, so just using it but I do not suggest...",20-Mar-19,,,Yes,roc,2,"Motorola Moto X4 (Super Black, 32GB)","https://www.amazon.in/Moto-X4-Super-Black-32GB/product-reviews/B07C7B1ZMS/ref=cm_cr_dp_d_show_all_btm?ie=UTF8&reviewerType=all_reviews
",Negative
"Beware, Nokia fleecing customer just after warranty","Phone started showing problems after 1 year from the date of purchase. So no warranty. After March 2019 software update phone speaker started giving screeching noise, phone restarts when camera app is opened, if the remaining charge in the battery is less than 70% you never know when the phone will restart. Nokia support asked me to do factory reset, spent a lot of time doing the reset, did not solve the problem. Took the phone to the Nokia service centre. They told it's a battery problem. When probed why this has to happen after a software update they reluctantly told that Nokia has prescryto change the battery to fix the problem at the customer's cost. The battery change costed INR 2860/-. Effectively, Nokia is ripping their trusting customer's money with a software update after the warranty is over. That too on a premium phone which was bought for INR 28000/-. The Nokia we have today is not the same one of the last decade which was reliable. With this experience I have seciyto not buy any more Nokia products.",29-Jul-19,,,Yes,Kindle Customer,1,"Nokia 8 (Polished Blue, 64GB)","https://www.amazon.in/Nokia-8-Polished-Blue-64GB/product-reviews/B0714DP3BJ/ref=cm_cr_dp_d_show_all_btm?ie=UTF8&reviewerType=all_reviews
",Negative
"Though Snapdragon 430 is a Frustrating For The Price, It's Not That Bad For Daily Tasks!","Picture Quality - Well, Picture Is Great. Its Not Eye Popping Saturation. The Whites Of This Screen are on the Warmer side, which is good for the eyes. Brightness is no issue. One Can Easily See Under Direct Sunlight - The Polarised Glass Is The Champ here. Sound Quality - 1st thing's First. It's a Budget Phone With a Stereo Setup ( Don't Compare with Pixel, Note9,or any Iphone from iphone7). . Ok now, Volume is Not High. Don't expect Loud Tweeting Sound. The Sound Has Some Serious Bass For a Phone Speaker. The Stereo Effect Can Be Easily Experienced from a Volume Level of 70% Onwards, which is Stunning ! Awesome!. Clear voice , clear sfx. Only sometimes it gets a lil muffled but thats fine. Battery Life - It Carries Out Your â†’ 1.Daily Basics For A Day (FB, Whatsapp,Instagram,Twitter,Camera) 2.It Doesn't Let Down When Listening to Music. After 3 hours of continuous Listening (wired headset) with a very Little WhatsApp Messaging , it Consumed only a 5% Battery(How great js that!). 3.Play Games and Watch Youtube a Lot? Charge it Thrice/Two Days. Gaming - won't waste Much time. Just Saying. I Won 12 Chicken Dinners. I Hope Everyone Gets it ! (Lowest setting) Software and Updates - it's Been Very Regular. Security Updates by the First Week of Every Month. OS Upgrade to Pie By January. Seamless Stock Android Experience!",04-Dec-18,,,Yes,Loyal Customer,4,"Nokia 6 (Silver, 32GB)","https://www.amazon.in/Nokia-6-Silver-32GB/product-reviews/B071Z97ZV5/ref=cm_cr_dp_d_show_all_btm?ie=UTF8&reviewerType=all_reviews
",Positive
??,"I give 4star cos of heating issue while charging and playng games. Also finger print reader sometimes stop working. I wonder, me the unlucky or it's same on everyone experience.",29-Aug-19,,,Yes,User,4,Lenovo K6 Note (Silver),"https://www.amazon.in/Lenovo-K6-Note-Silver/product-reviews/B01N7IZM1H/ref=cm_cr_dp_d_show_all_btm?ie=UTF8&reviewerType=all_reviews
",Positive
this Lenovo A6600 Plus is the worst product. I have ordered this Product on 30-Mar-2018 ...,"Hi Amazon Team, The device the getting shutdown for every 15 Mins. stating - 'THERMAL WARINING, DEVICE NEEDS TO BE SHUTDOWN'. Among all the products which I have bought from you, this Lenovo A6600 Plus is the worst product. I have ordered this Product on 30-Mar-2018 and exactly after 25 days this device is troubling me. I have bought it by looking your 'AMAZON FULFILMENT'. I suggest you to remove your FULFILMENT on this product at the earliest because it degrades AMAZON's name and value. I want to return this product now, please enable 'RETURN ITEMS' option for me immediately.",10-May-18,,,Yes,M V KRISHNA,1,Lenovo A6600 Plus (Black),"https://www.amazon.in/Lenovo-A6600-Plus-Black/product-reviews/B01M0OXV1V/ref=cm_cr_dp_d_show_all_btm?ie=UTF8&reviewerType=all_reviews
",Negative
Lenovo k6 note review,After 3 months of use the phone started hanging and lagging while multitasking. It also heats up sometimes when talking for more than 20mins. The 4gb ram is useless and it performs as of 2b ram phone. It's better to buy something like Samsung than this. I would only give 2 star for this product. Not a good phone to recommend.,11-Apr-18,,,Yes,manish kumar,2,Lenovo K6 Note (Silver),"https://www.amazon.in/Lenovo-K6-Note-Silver/product-reviews/B01N7IZM1H/ref=cm_cr_dp_d_show_all_btm?ie=UTF8&reviewerType=all_reviews
",Negative
Excellent Product,Highly satisfied with its performance till date and its Battery Life,07-Sep-18,Colour: black,,Yes,Prosenjit Roy,5,"Moto E5 Plus (Black, 3GB RAM, 32GB Storage)","https://www.amazon.in/Moto-Plus-Indigo-Black-battery/product-reviews/B077PWK5BT/ref=cm_cr_dp_d_show_all_btm?ie=UTF8&reviewerType=all_reviews
",Positive
Shabby,"A. The package received in shabby packing. B. Having used for over 2 months have realised the alarm doesn't work properly (after the software upgrades the alarm now works) C. The 4g LTE speed is erratic, tried the sim in another phone and worked fine in that so must be the phone is my assumption. Will be sending to service center once I have some replacement for a few days D. The glass cover on the camera is very fragile and it jets out so it broke quite easily and I had to replace the whole back of the phone. Overall bad design, although a lot of marketing on design by HMD",10-Dec-17,,,Yes,Amazon Customer,2,"Nokia 6 (Matte Black, 32GB)","https://www.amazon.in/Nokia-6-Matte-Black-32GB/product-reviews/B072LNVPMN/ref=cm_cr_dp_d_show_all_btm?ie=UTF8&reviewerType=all_reviews
",Negative
Disappoint,"Bought this phone in May 18 from starting it has Battery backup issue, Battery hardly run to afternoon if I fully charged in the morning. Now phone has totally dead and we went to take it Motorola service center Kota they said we check it give us some time than they said phone is dead and itâ€™s not repairable or not in warranty support they said that its mother board has faulty Very poor service giving by Motorola service center they didnâ€™t explain how can mother board has faulty in six months and why it is not I n under warranty I am raising a complaint in consumer forum",14-Nov-18,Colour: Lunar Grey,,Yes,Amazon Customer,1,"Motorola G5s Plus (Lunar Grey, 64GB)",https://www.amazon.in/Moto-Plus-Lunar-Grey-64GB/product-reviews/B071HWTHPH/ref=cm_cr_dp_d_show_all_btm?ie=UTF8&reviewerType=all_reviews,Negative
Multiple issues - highly disappointed,"I brought the phone on 31st May and by 12th sept I had to submit the phone at service centre as it stopped working suddenly.  I submitted my phone at Vashi telecom - PTS. They changed the motherboard and returned the phone after 3days. After recieving from service centre, the mic is not working properly. I went to the same service centre again and they said it is because of dust. They cleaned and returned the phone and after one day again I am facing the same issue. Highly disappointed with the phone. Paid so much and after 3 months I am running around service centres.",03-Oct-18,,,Yes,Animesh,1,"Motorola Moto X4 (Super Black, 32GB)","https://www.amazon.in/Moto-X4-Super-Black-32GB/product-reviews/B07C7B1ZMS/ref=cm_cr_dp_d_show_all_btm?ie=UTF8&reviewerType=all_reviews
",Negative
Very much heating problem i dont know its manufacturing defect ...,Very much heating problem i dont know its manufacturing defect or in my piece but it causes headache while talking on phone heat too much also back button not working properly and print is missing Seruously only 2stars to nokia heat like it will blast in a minute  never expect this quality from nokia brand,09-Sep-17,,,Yes,M.A,2,"Nokia 6 (Silver, 32GB)","https://www.amazon.in/Nokia-6-Silver-32GB/product-reviews/B071Z97ZV5/ref=cm_cr_dp_d_show_all_btm?ie=UTF8&reviewerType=all_reviews
",Negative
best fone in this budget.,"i am using nokia 8 from past 6 months and i will say that nokia is the best. the picture quality, sound quality and battery life is amazing. the fone has very good memory space and clear screen. dont wait just buy this phone.",24-Nov-18,,,Yes,binnysinghal,5,"Nokia 8 (Polished Blue, 64GB)","https://www.amazon.in/Nokia-8-Polished-Blue-64GB/product-reviews/B0714DP3BJ/ref=cm_cr_dp_d_show_all_btm?ie=UTF8&reviewerType=all_reviews
",Positive
Good product,Pros:- *good batter life *snappy fingerprint scanner *looks classy *awesome audio quality from speakers *nice display Cons:- *front camera is not that good although rear camera is nice. Apart from this everything is good You can consider it if you are looking for a mid range good performance phone and not a selfie centric phone. Thanks for reading.peace.,25-Apr-19,,"https://images-na.ssl-images-amazon.com/images/I/710T0zD2hAL._SY88.jpg
https://images-na.ssl-images-amazon.com/images/I/71SFB4zfGuL._SY88.jpg",Yes,Saurabh,4,"Redmi 5 (Black, 3GB RAM, 32GB Storage)","https://www.amazon.in/Redmi-Black-3GB-32GB-Storage/product-reviews/B077PWBC7J/ref=cm_cr_dp_d_show_all_btm?ie=UTF8&reviewerType=all_reviews
",Positive
Hangs and restarts all day long ( using this for 1 year),"I am writing this review after 1 year of usage of Nokia 8. Pros: Good sound quality Good picture quality Awesome fast charging and battery life Cons: The biggest problem in this phone is that it becomes a hang machine after 1 year of usage. And i am not even a heavy user, not interested in playing  high end games. As soon as you open camera or youtube app, it hangs and restarts on its own. I have been facing this problem only after 1 year of usage. I wouldn't have considered writing this bad review if this sort of problems arises after 2-3 years of usage. It seems to be a hardware issue. I expected much better from Nokia.",21-Feb-19,,,Yes,Ashish,2,"Nokia 8 (Polished Blue, 64GB)","https://www.amazon.in/Nokia-8-Polished-Blue-64GB/product-reviews/B0714DP3BJ/ref=cm_cr_dp_d_show_all_btm?ie=UTF8&reviewerType=all_reviews
",Negative
MIUI is now full of spam messages,"Please care before buying any MI phone. MIUI9 and MIUI 10 is heavyloded with ads, you will get ads everywhere. You open settings you will see ads, you open file manager you will see ad, you open security you will see ad, you open themes you will see ad, it's virtually everywhere and it's not limted to so called cheap phones, it's programmed in MIUI so its in every phone. It's cheap but for a reason, MI is making huge money by selling ads and pushing these to our devices, i stopped using the phone will try to resell it. Again it's your money, but be ready for spamming if you choose MI! Good-Day!",25-Sep-18,,,Yes,deepak razdan,1,"Redmi 5 (Black, 3GB RAM, 32GB Storage)","https://www.amazon.in/Redmi-Black-3GB-32GB-Storage/product-reviews/B077PWBC7J/ref=cm_cr_dp_d_show_all_btm?ie=UTF8&reviewerType=all_reviews
",Negative
Very good,Battery is good for normal user and it will last for more than a day if your call usage is less than 1 hr with 4g/WiFi enabled. Picture quality is good but not great 3 out 5. Call quality 5 out 5 Speed 4 out 5 Body built 5 out 5 as expected from Nokia Overall very good phone who are can of Nokia and need rough/tough quality,07-Jul-18,,,Yes,Sree,5,"Nokia 6 (Silver, 32GB)","https://www.amazon.in/Nokia-6-Silver-32GB/product-reviews/B071Z97ZV5/ref=cm_cr_dp_d_show_all_btm?ie=UTF8&reviewerType=all_reviews
",Positive
worst and poor battery backup,Very poor battery ...without using datas and other thing battery percentage going too down.. .worst one .mobile radio is always active inside battery standy .,04-Jan-18,,,Yes,Amazon Customer,1,Lenovo A6600 Plus (Black),"https://www.amazon.in/Lenovo-A6600-Plus-Black/product-reviews/B01M0OXV1V/ref=cm_cr_dp_d_show_all_btm?ie=UTF8&reviewerType=all_reviews
",Negative
Worst Service Support,Purchased this product total waste of your money ..within 10 days Continuously restart issue.service centre not able to find solution..after complaint tollfree they are not ready to replace New.they simply convey to wait 10 days for board replacement..not at all satisfy this product as they mention spec and quality also..,21-Sep-18,,,Yes,Muthukumar,1,"Honor 7C Gold (5.99"" FullView Display, 64GB)","https://www.amazon.in/Honor-Gold-5-99-FullView-Display/product-reviews/B0784D862R/ref=cm_cr_dp_d_show_all_btm?ie=UTF8&reviewerType=all_reviews
",Negative
Buyer's remorse,You apparently cannot return the item without claiming it is defective and sending photos of the defective parts.,24-Sep-20,,,Yes,Melville,1,Lenovo K6 Note (Silver),"https://www.amazon.in/Lenovo-K6-Note-Silver/product-reviews/B01N7IZM1H/ref=cm_cr_dp_d_show_all_btm?ie=UTF8&reviewerType=all_reviews
",Negative
Good featured phone,"Surprisingly, phone is getting appreciated by friends. Little heavy and bulky and not suitable for people wanting light phones.",05-Sep-18,,,Yes,Ravi Pawar,5,"Moto E5 Plus (Black, 3GB RAM, 32GB Storage)","https://www.amazon.in/Moto-Plus-Indigo-Black-battery/product-reviews/B077PWK5BT/ref=cm_cr_dp_d_show_all_btm?ie=UTF8&reviewerType=all_reviews
",Positive
"Display issues, same issues with many other phones as per nokia support forum replies. Don't buy...","I bought the phone in November, 2017 with a lot of faith in Nokia's comeback. The 1st time I faced a complete blank screen issue in July 2018 which was rectifired with the replacement of display as it was in warranty period for which the service also was a delayed process of 2 weeks. Now its the 2nd time I'm facing the problem with a half screen dead issue and my warranty is also completed. So, I've lost faith completely on Nokia and so I'm selling my phone and I promise that I will never ever buy a Nokia phone again",02-Nov-18,,https://images-na.ssl-images-amazon.com/images/I/41vqAn3VhjL._SY88.jpg,Yes,Krishna Ashish,1,"Nokia 8 (Polished Blue, 64GB)","https://www.amazon.in/Nokia-8-Polished-Blue-64GB/product-reviews/B0714DP3BJ/ref=cm_cr_dp_d_show_all_btm?ie=UTF8&reviewerType=all_reviews
",Negative
) the most worst part about Nokia is its service center i got ...,Over all phone's performance was okay but here the few points which troubled me during last 9 months of using this mobile. 1.) Mobile gets heat up if you play any games on it or use the mobile continuously for watching any thing on internet or movie. 2.) Mobile gets hanged if you open multiple apps without clearing the cache. 3.) the most worst part about Nokia is its service center i got a problem in my phone and while submitting they have told to be get it repaired in 10-15 days No further information or status they share you need to take the status by calling yourself.After 12 days when i called they have told it will take another 10-15 days. That too i got to know because i called other wise they will not care to inform you about any delay or any information regarding your phone.this is the reason i gave 1 star instead of 2.5.,21-Jun-18,,,Yes,Amit Patel,1,"Nokia 6 (Matte Black, 32GB)","https://www.amazon.in/Nokia-6-Matte-Black-32GB/product-reviews/B072LNVPMN/ref=cm_cr_dp_d_show_all_btm?ie=UTF8&reviewerType=all_reviews
",Negative
Cool phone,I just love this phone. Worth buying. Picture quality is too good. Awesome phone at this price.,14-Aug-18,,,Yes,Aishwarya,5,"Honor 7C Gold (5.99"" FullView Display, 64GB)","https://www.amazon.in/Honor-Gold-5-99-FullView-Display/product-reviews/B0784D862R/ref=cm_cr_dp_d_show_all_btm?ie=UTF8&reviewerType=all_reviews
",Positive
Very much heating problem i dont know its manufacturing defect ...,Very much heating problem i dont know its manufacturing defect or in my piece but it causes headache while talking on phone heat too much also back button not working properly and print is missing Seruously only 2stars to nokia heat like it will blast in a minute  never expect this quality from nokia brand,09-Sep-17,,,Yes,M.A,2,"Nokia 6 (Matte Black, 32GB)","https://www.amazon.in/Nokia-6-Matte-Black-32GB/product-reviews/B072LNVPMN/ref=cm_cr_dp_d_show_all_btm?ie=UTF8&reviewerType=all_reviews
",Negative
its says 5000 MAH but its not worth it,"Why only hype is created related to Battery, in practical its not.",18-Sep-18,Colour: black,,Yes,Amazon Customer,1,"Moto E5 Plus (Black, 3GB RAM, 32GB Storage)","https://www.amazon.in/Moto-Plus-Indigo-Black-battery/product-reviews/B077PWK5BT/ref=cm_cr_dp_d_show_all_btm?ie=UTF8&reviewerType=all_reviews
",Negative
HANDY PHONE,"=> Design Well, Motorola X4 has very beautiful back view, it looks premium. It has corning gorrilla glass at back glass too. Very handy phone. I loved the design  So i will give for design (10/10) => Display This display is small if you are looking for a ",15-Dec-18,,,Yes,Shubham Gupta,5,"Motorola Moto X4 (Super Black, 32GB)","https://www.amazon.in/Moto-X4-Super-Black-32GB/product-reviews/B07C7B1ZMS/ref=cm_cr_dp_d_show_all_btm?ie=UTF8&reviewerType=all_reviews
",Positive
Everything about this one !!!,Its an Awesome smartphone If u thinking to buy a budget phone then must be purchase it. Its really an awesome deal for this phone. Am using this one currently and am too much satisfactorily say this that if uh buy this one then u also got satisfaction with this. ðŸ™‚ One thing more dont hear anybody comments like honor phones have heating problems etc. There is nothing like that so just keep up and go ahead ðŸ˜‰ its an awesome deal. ðŸ‘Œ,14-Dec-18,,https://images-na.ssl-images-amazon.com/images/I/81zpzL9CdEL._SY88.jpg,Yes,Harsh Sharma,5,"Honor 7C Gold (5.99"" FullView Display, 64GB)","https://www.amazon.in/Honor-Gold-5-99-FullView-Display/product-reviews/B0784D862R/ref=cm_cr_dp_d_show_all_btm?ie=UTF8&reviewerType=all_reviews
",Positive
STAY AWAY FROM NOKIA 8 LIKE PLAGUE,"Nokia used to make very reliable phones. But, then slowly it showed quality degradation. At last, when Nokia 8 came with lot of hype, I trusted it and bought it for my mother as a gift. After 11 months of buying the phone, it started resetting itself often. At first, it was occuring only for the camera. Then, Whatsapp, Facebook, Google search, Phone call and even when unlocking the phone, this annoying thing started coming. Basically, the phone has become useless. Unfortunately, the nearest Nokia service center was 1.5 hrs from my home and my mother couldn't go there when the phone was still in warranty period. I was outside the country. I came back to India a week after the great 1 year warranty was over. I took it to the Nokia authorized service center and they said they'll resolve it in two days. I went after two days, got the phone, was coming back home. In the bus, I again saw the same glitch coming. I called the service center and I was told to go there again with the phone. I went back and gave the phone again. This time, they promised me that they'll do a full diagnosis and definitely fix the issue. They took a week and gave me a call. I went back, received the phone. But, there itself I found the same reset issue appearing. They said they'll have to replace the PCB, though a minute earlier they said they've fixed the issue. Replacing the PCB will cost 22,000. And there is no guarantee that the issue or some other issue won't happen. I called Nokia helpline and they said they can't do anything, but keep making cheap quality junk like this with 1 year warranty. Nokia has lost it's brand value. I will never ever buy another Nokia. Go for Samsung. Period. I lost a chunk of money for which Nokia is fully responsible. Now, that phone can only be used as paperweight since that reset happens continuously and no functions of the phone can be used. My suggestion to any potential buyer, don't fall into the trap, seeing the list of specifications. None of them will be usable.",03-Feb-19,,,Yes,Rahul V.,1,"Nokia 8 (Polished Blue, 64GB)","https://www.amazon.in/Nokia-8-Polished-Blue-64GB/product-reviews/B0714DP3BJ/ref=cm_cr_dp_d_show_all_btm?ie=UTF8&reviewerType=all_reviews
",Negative
0 stars for Motorola,Motorola really deserves a 0 star rating for how well their service centres and customer care manages to dissappoint their customers. However good the product may seem never buy a Motorola product just for the way they treat their customers after purchase. It has been more than 1 year since i have been using this phone and i have been literally fighting with the service centre every now and then. Every single visit of mine to the service centre somehow ends up in a fight and i do find most of my fellow customers either supporting me or starting a fight all by themselves all through the durations of time that i spend there. From my experience i can easily say this is the worst mobile service centre you can find. If you still want to go ahead and buy a Motorola make sure you completely know how to repair your phone or make sure you do know someone who can help. In simple words Motorola SUCKS.,30-Nov-18,Colour: Lunar Grey,,Yes,Faizy,1,"Motorola G5s Plus (Lunar Grey, 64GB)",https://www.amazon.in/Moto-Plus-Lunar-Grey-64GB/product-reviews/B071HWTHPH/ref=cm_cr_dp_d_show_all_btm?ie=UTF8&reviewerType=all_reviews,Negative
"Innovative robbery  ""HMD Global""","HMD Global is Spoiling the Old Nokia name. I brought this phone on 23 August 2017. I have faced so many issue and too much hanging problem Not only Nokia 6, Whichever Nokia phone is manufactured from ""HMD Global"" all Mobile has Hanging issue. Look wise it's good but not worthy, you shouldn't rely on this phone, unbelievable product suddenly it goes to coma stage. Apparently It's Not worth for even Rs: 10K, Who ever Posted Positive Comments they surely come back and post their grievance. I LOVE NOKIA PHONE BUT NOT FROM THE ""HMD GLOBAL"", Big Good Bye for ""HMD Global - Nokia"".",09-Sep-17,,,Yes,Sivakumar,1,"Nokia 6 (Matte Black, 32GB)","https://www.amazon.in/Nokia-6-Matte-Black-32GB/product-reviews/B072LNVPMN/ref=cm_cr_dp_d_show_all_btm?ie=UTF8&reviewerType=all_reviews
",Negative
Mobile Photographers Please Stand Away,If you are a mobile photographer then this mobile is not for you the battery life and the song quality and everything else stands above average within the price range the mobile phone is worth the photographs taken on the phone are not of good quality the front flashlight doesn't seem to be useful sometimes it seems to be like a Flashlight in front of your phone so if you are looking for a general purpose smartphone this phone will suitable for you within the price range of 8999,26-Sep-18,,,Yes,Sreehari K,4,"Redmi 5 (Black, 3GB RAM, 32GB Storage)","https://www.amazon.in/Redmi-Black-3GB-32GB-Storage/product-reviews/B077PWBC7J/ref=cm_cr_dp_d_show_all_btm?ie=UTF8&reviewerType=all_reviews
",Positive
Review after 10 months of use,I am writing this review after 10 months. So here I am sharing my personal experiences with this phone: First of all thanks to Amazon for its prompt delivery and thanks to Seller Darshita Electronics for sending this product in good condition. Pros: Build Quality: Very good build quality Performance: Performance is very good no lags are experienced till now. Sound Quality: Good but not much loud. I liked it personally. Camera Quality: Good in Outdoor also 4K video recording is bundled. FingerPrint Scanner: Responsive scanner. It detects the finger print quite fast. Battery Backup: Good if you are on Android Nougat. It stays almost one day of heavy usage. TurboCharging: Fast charging is available on this device and it charges quickly. Cons: Camera Quality: Disappointed with image processing from this camera. i can say it was below average. The Dual Camera setup was a disappointment. But soon Motorola had released the camera updates and it improved in great extent. I can say the Dual camera is properly implemented after lot of updates from Motorola. Color reproduction of this camera is a below average it did not process the image if i compare it with Google camera which is installed in my device and also very surprised that images shot with Google camera app are far better than the Motorola's stock camera app as it is using same sensor. Don't know why Motorola is not working on the camera quality. Camera Bumps: As we know that Camera Bumps are bit outwards on this model so there is a chance for scratches on the camera glass so better to have a protective back cover with camera protection. Regular Updates: Updates are not in the list of Motorola as they are focusing on their new models so ignoring the previous models. I have recently got the Oreo updates after so much waiting. Very poor service when it comes to the updates from Motorola. Battery backup: Battery backup deteriorates after upgrading to Android Oreo. I have noticed the next day i have to charge two time a day after upgrading. Now waiting for the next update hope this will be fixed in next update. Final Verdict: If you are a camera freak and expecting for some great shots then this phone will give you an average quality so better think for other options available in the market. But if you are an average user with some budget restrictions then go for it. The above said are my experiences with this phone and my overall rating for this phone will be 3.5.,09-Nov-18,Colour: Lunar Grey,,Yes,Pramod Nair,3,"Motorola G5s Plus (Lunar Grey, 64GB)",https://www.amazon.in/Moto-Plus-Lunar-Grey-64GB/product-reviews/B071HWTHPH/ref=cm_cr_dp_d_show_all_btm?ie=UTF8&reviewerType=all_reviews,Neutral
Valuable but vomparisonate,I recwived damaged one dont go for it in such price rate go for other brands.,30-Jan-19,,,Yes,Harshit Joshi,3,Lenovo K6 Note (Silver),"https://www.amazon.in/Lenovo-K6-Note-Silver/product-reviews/B01N7IZM1H/ref=cm_cr_dp_d_show_all_btm?ie=UTF8&reviewerType=all_reviews
",Neutral
Super,"I got the phone for 14k with Amazon prime 1000rs cash back offer.. it's a great phone for this price change. You can also get an exchange offer with your old phone, so basically it's a worthy deal. The pros are listed on basis of price point. Pros: 1. Durable, feels solid, looks premium ( I saw almost 15 phones around this range, everything else looks and feels very less premium) 2. Screen, primary camera and sound 3. Latest Android updates Cons For this price range Nokia could have added: 1.  a fast charging USB port , cable- ( which can be bought extra so problem solved as of now) 2. A better battery as It heats up a little( problem can be solved with a back cover) 3. Better front camera It is not slow as many claim to be...but if u are looking for super high performance with lightening speed phone and expect it to be available in 15k then it's quite high expectation. For this price range Nokia is offering a great built, screen, good primary camera and Android updates whereas rest features are decent enough and way better but not of highest specification.",26-Oct-17,,,Yes,Amazon Customer,3,"Nokia 6 (Silver, 32GB)","https://www.amazon.in/Nokia-6-Silver-32GB/product-reviews/B071Z97ZV5/ref=cm_cr_dp_d_show_all_btm?ie=UTF8&reviewerType=all_reviews
",Neutral
Excellent phone in this price of all,Excellent phone in this price,07-Jan-19,,"https://images-na.ssl-images-amazon.com/images/I/719kF1pBWBL._SY88.jpg
https://images-na.ssl-images-amazon.com/images/I/71KMyA7IlfL._SY88.jpg
https://images-na.ssl-images-amazon.com/images/I/71m6AqA4hzL._SY88.jpg
https://images-na.ssl-images-amazon.com/images/I/71q2NBysj5L._SY88.jpg",Yes,Saad Khan,5,"Redmi 5 (Black, 3GB RAM, 32GB Storage)","https://www.amazon.in/Redmi-Black-3GB-32GB-Storage/product-reviews/B077PWBC7J/ref=cm_cr_dp_d_show_all_btm?ie=UTF8&reviewerType=all_reviews
",Positive
Best phone,"I never got disappointed after purchasing Xiaomi Redmi. All models are gud and I love this Redmi 5 specifically too, cos of its slim body and slick screen. I got it for my Mom and it's the best",05-Sep-18,,,Yes,Venkatesh Deo,5,"Redmi 5 (Black, 3GB RAM, 32GB Storage)","https://www.amazon.in/Redmi-Black-3GB-32GB-Storage/product-reviews/B077PWBC7J/ref=cm_cr_dp_d_show_all_btm?ie=UTF8&reviewerType=all_reviews
",Positive
Screen,Screen cracked automatically,13-Jan-19,Colour: black,"https://images-na.ssl-images-amazon.com/images/I/61XTEkfTD6L._SY88.jpg
https://images-na.ssl-images-amazon.com/images/I/71JcnpuqChL._SY88.jpg",Yes,VINAY A.,1,"Moto E5 Plus (Black, 3GB RAM, 32GB Storage)","https://www.amazon.in/Moto-Plus-Indigo-Black-battery/product-reviews/B077PWK5BT/ref=cm_cr_dp_d_show_all_btm?ie=UTF8&reviewerType=all_reviews
",Negative
Nokia should stop sales as earlier,"Worst phone of Nokia... Waited for months to buy the phone, but when i got the phone it was a big disappointment. The screen stopped responding within few days of the use. The phone hung up suddenly. Visited the service centre to learn many such sets lying for the same issues. After 3 weeks of struggling and heated arguments with the service centre they accepted for a replacement. Even the replacement set got a screen problem after few days,,, this time it was a glow spot on the edge of the screen. Did not have patience or time to visit the service centre so just using it with the problem. Will not recommended Nokia to any new buyer.. Please go for any other brand than Nokia.",14-Oct-18,,,Yes,Amith,1,"Nokia 6 (Matte Black, 32GB)","https://www.amazon.in/Nokia-6-Matte-Black-32GB/product-reviews/B072LNVPMN/ref=cm_cr_dp_d_show_all_btm?ie=UTF8&reviewerType=all_reviews
",Negative
Must read it's useful,The mobile phone was good. And I'm facing some problem using in last 5 days... 1. The curved display problem.. so I'm not getting proper tempered glass... 2.the flash light will be a yellow light.. 3.camera quality is good.bt I'm expecting more. Not satisfy Overall is good ... And heating problem when I put in charging Otherwise the mobile was good,13-Feb-18,,,Yes,Sathish,3,Lenovo K6 Note (Silver),"https://www.amazon.in/Lenovo-K6-Note-Silver/product-reviews/B01N7IZM1H/ref=cm_cr_dp_d_show_all_btm?ie=UTF8&reviewerType=all_reviews
",Neutral
Screen problem in just 3 month use,"I used this phone for 3 month and it's display is by working now, most of the time I see lines,  and black, white screen.",08-Oct-18,,"https://images-na.ssl-images-amazon.com/images/I/71NqkYWcX-L._SY88.jpg
https://images-na.ssl-images-amazon.com/images/I/71PIMQvLzKL._SY88.jpg
https://images-na.ssl-images-amazon.com/images/I/71RXe4OC2BL._SY88.jpg",Yes,Gokul,1,"Redmi 5 (Black, 3GB RAM, 32GB Storage)","https://www.amazon.in/Redmi-Black-3GB-32GB-Storage/product-reviews/B077PWBC7J/ref=cm_cr_dp_d_show_all_btm?ie=UTF8&reviewerType=all_reviews
",Negative
Lenovo A6600 Plus is a very good smart phone in the budget,"Lenovo A6600 Plus is a very good smart phone in the budget. I donâ€™t think any other well-known brand is offering a smart phone in this budget apart from Lenovo. Moreover, my experience with the smart is excellent.",31-Oct-17,,,Yes,Mohammed Altaf Hussain Chowdhury,4,Lenovo A6600 Plus (Black),"https://www.amazon.in/Lenovo-A6600-Plus-Black/product-reviews/B01M0OXV1V/ref=cm_cr_dp_d_show_all_btm?ie=UTF8&reviewerType=all_reviews
",Positive
Shabby,"A. The package received in shabby packing. B. Having used for over 2 months have realised the alarm doesn't work properly (after the software upgrades the alarm now works) C. The 4g LTE speed is erratic, tried the sim in another phone and worked fine in that so must be the phone is my assumption. Will be sending to service center once I have some replacement for a few days D. The glass cover on the camera is very fragile and it jets out so it broke quite easily and I had to replace the whole back of the phone. Overall bad design, although a lot of marketing on design by HMD",10-Dec-17,,,Yes,Amazon Customer,2,"Nokia 6 (Silver, 32GB)","https://www.amazon.in/Nokia-6-Silver-32GB/product-reviews/B071Z97ZV5/ref=cm_cr_dp_d_show_all_btm?ie=UTF8&reviewerType=all_reviews
",Negative
GOOD FOR USE,first one month not have any problem after its working slow and now its back button don't working portly,31-Dec-18,,,Yes,JOBIN JOSON,2,Lenovo K6 Note (Silver),"https://www.amazon.in/Lenovo-K6-Note-Silver/product-reviews/B01N7IZM1H/ref=cm_cr_dp_d_show_all_btm?ie=UTF8&reviewerType=all_reviews
",Negative
GOOD FOR ITS PRICE RANGE,"I got the phone on offer for Rs.7700 For that money it is an excellent device. Camera is of average quality. Display is GOOD not full HD+, so there will be no better feel in playing 1080 p videos. Battery is above average. It is pretty good for gaming. It lasts well while playing PUBG, PES, Asphalt legends, etc. I play these games often. Sound quality is average. Overall a good phone for its price range.",15-Sep-18,,,Yes,Mithun A.,5,"Honor 7C Gold (5.99"" FullView Display, 64GB)","https://www.amazon.in/Honor-Gold-5-99-FullView-Display/product-reviews/B0784D862R/ref=cm_cr_dp_d_show_all_btm?ie=UTF8&reviewerType=all_reviews
",Positive
Good value for money at this price range,"Post the price drop to around 27k this is very good value for money. You get the Nokia assurance. Good build quality. The snapdragon 835 is second best in the market. Most renowned brands like HTC , Samsung etc cost a bomb for the same configuration.",11-Jul-18,,,Yes,Rohit Jaiswal,4,"Nokia 8 (Polished Blue, 64GB)","https://www.amazon.in/Nokia-8-Polished-Blue-64GB/product-reviews/B0714DP3BJ/ref=cm_cr_dp_d_show_all_btm?ie=UTF8&reviewerType=all_reviews
",Positive
Feel cheated by buying this cheap model,"The phone was working properly  for hardly one week then suddenly its earphone sound stopped working. later on when it was taken to the authorised Service Centre they opened  it first then later on said that your bill does not show the serial number so bring it again with the bill with  serial number of the set on my invoice, for which I had to take up the issue with the Amazon which took another 15 days to get the invoice with mobile set serial number .when it was taken again to the service centre they refused to service the product under warranty by saying that it,'s motherboard is damaged due to liquid entry. The mobile set was being used very carefully and  no liquid came in contact with the phone .Despite our repeated requests  with the senior officials they refused to entertain and same and said that the motherboard is gone and it is not covered in warranty now. Just after use of hardly one week the product is of no use any further. Service centre is not entertaining for repair under warranty. Highly disappointed with the company attitude. I understand that many other customers have been denied Servicing under warranty on the pretext that damage has been caused due to liquid entry. I am highly disappointed with the company's attitude.",15-Oct-18,,,Yes,Anil Arora,1,"Redmi 5 (Black, 3GB RAM, 32GB Storage)","https://www.amazon.in/Redmi-Black-3GB-32GB-Storage/product-reviews/B077PWBC7J/ref=cm_cr_dp_d_show_all_btm?ie=UTF8&reviewerType=all_reviews
",Negative
Worth spending 10k,Honor 7c is one of the handsets that fits the price range and truly justifies for what you pay Front camera is good for selfies Back camera is good but as I am I phone user surely the pic quality does not match to that level Sound is very good you can enjoy movies on the go Watching movies on this large screen is really awsme Battery life is too good as I phone lacks in battery life. This phone really runs a complete day. So go ahead and buy,07-Oct-18,,,Yes,Amazon Customer,4,"Honor 7C Gold (5.99"" FullView Display, 64GB)","https://www.amazon.in/Honor-Gold-5-99-FullView-Display/product-reviews/B0784D862R/ref=cm_cr_dp_d_show_all_btm?ie=UTF8&reviewerType=all_reviews
",Positive
Worrest mobile,Worrest mobile don't buy it am using it 10 days now it is software problem and now they never take it back  please don't buy it friends,04-Feb-18,,,Yes,Venkat,1,Lenovo A6600 Plus (Black),"https://www.amazon.in/Lenovo-A6600-Plus-Black/product-reviews/B01M0OXV1V/ref=cm_cr_dp_d_show_all_btm?ie=UTF8&reviewerType=all_reviews
",Negative
A good phone,"Brought this phone in November. Have received pie update. >>This phone has amazing camera. Download Google camera mod for even better photos. >>Screen quality is good. I find even this size a little big. I hope manufacturers start releasing compact phones too. >>Moto gestures are amazing. >>I brought 32 gb model and put 32 gb memory card in it. So, no storage issues. You can even format sd card as internal memory. So, new apps can be installed on sd card. >>Ram is 3gb in my model. On average 1gb is free. >>All apps run fine, buttery smooth performance as of now. Pie update is stable. >>I tried some games, run without any lag. Didn't try big games but they will run smoothly too. you can check youtube videos for gaming performance. >>Battery life is good. Easily lasts one day. Phone heats up a little while charging but that's not a big issue. It's normal. >>Turbocharger charges battery very fast. >>Phone looks premium but it is little slippery because it has glass back. >>Pie update will be the last update that will be come on this phone. So people who always care about being on latest software should look for other models. >> Also security patches are not regular like nokia or google phones. On an average, you can hope to get security patch after 3 months or so As on now, 4 months have passed. I'm pretty satisfied. Will update if any issues arise.",05-Mar-19,,,Yes,Amazon Customer,4,"Motorola Moto X4 (Super Black, 32GB)","https://www.amazon.in/Moto-X4-Super-Black-32GB/product-reviews/B07C7B1ZMS/ref=cm_cr_dp_d_show_all_btm?ie=UTF8&reviewerType=all_reviews
",Positive
This is an excellent phone. Pros,"This is an excellent phone. Pros :- dust resistant, water proof, type c, good battery, excellent primary camera, fast charging and fits in one hand. Cons : - not value for money ( i bought it with a heavy discount and exchange). front camera could be better. speakers are average.",22-Oct-18,,,Yes,robin,4,"Motorola Moto X4 (Super Black, 32GB)","https://www.amazon.in/Moto-X4-Super-Black-32GB/product-reviews/B07C7B1ZMS/ref=cm_cr_dp_d_show_all_btm?ie=UTF8&reviewerType=all_reviews
",Positive
Honor Rocks !!!,+ Really good phone under 10K range. + Camera performance is also impressive and much better then other competitive phones. + Total Package.,22-Aug-18,,,Yes,Dinesh Patel,5,"Honor 7C Gold (5.99"" FullView Display, 64GB)","https://www.amazon.in/Honor-Gold-5-99-FullView-Display/product-reviews/B0784D862R/ref=cm_cr_dp_d_show_all_btm?ie=UTF8&reviewerType=all_reviews
",Positive
worst front camera,the metal body and design of the phone was stunning .battery is good .of the 32 gb 12gb has already been used by system apps camera was good but selfie camera wasnt good cant take photos in low light .even in day light front camera wasnt good all the photos were blur and very dull extremly disappointed with front cam not worth of 15k rest all features are ok,09-Sep-17,,,Yes,sarat,3,"Nokia 6 (Silver, 32GB)","https://www.amazon.in/Nokia-6-Silver-32GB/product-reviews/B071Z97ZV5/ref=cm_cr_dp_d_show_all_btm?ie=UTF8&reviewerType=all_reviews
",Neutral
Great product BUT .....,"So the thing is I've purchased this mobile a month ago and I'm more than satisfied to get the product at this price range . But alas it didn't last until the phones' touch screen stopped responding to the fingers and not working correctly from the past week. Called service centre and their cell's been switched off and no response from them so far . So to sum it up , great product in the features and all but really poor in it's durability.",19-Oct-18,,,Yes,Mohit Padamata,1,"Honor 7C Gold (5.99"" FullView Display, 64GB)","https://www.amazon.in/Honor-Gold-5-99-FullView-Display/product-reviews/B0784D862R/ref=cm_cr_dp_d_show_all_btm?ie=UTF8&reviewerType=all_reviews
",Negative
worst front camera,the metal body and design of the phone was stunning .battery is good .of the 32 gb 12gb has already been used by system apps camera was good but selfie camera wasnt good cant take photos in low light .even in day light front camera wasnt good all the photos were blur and very dull extremly disappointed with front cam not worth of 15k rest all features are ok,09-Sep-17,,,Yes,sarat,3,"Nokia 6 (Matte Black, 32GB)","https://www.amazon.in/Nokia-6-Matte-Black-32GB/product-reviews/B072LNVPMN/ref=cm_cr_dp_d_show_all_btm?ie=UTF8&reviewerType=all_reviews
",Neutral
Very good,Battery is good for normal user and it will last for more than a day if your call usage is less than 1 hr with 4g/WiFi enabled. Picture quality is good but not great 3 out 5. Call quality 5 out 5 Speed 4 out 5 Body built 5 out 5 as expected from Nokia Overall very good phone who are can of Nokia and need rough/tough quality,07-Jul-18,,,Yes,Sree,5,"Nokia 6 (Matte Black, 32GB)","https://www.amazon.in/Nokia-6-Matte-Black-32GB/product-reviews/B072LNVPMN/ref=cm_cr_dp_d_show_all_btm?ie=UTF8&reviewerType=all_reviews
",Positive
Awesome,"I have been using this phone for almost 7 months and I would say its awesommeee... Camera is amazing (obviously it's a Zeiss lens), no heating up ( even after using network for more than 8hours and playing games) issues, battery is amazing (if you use it just for WhatsApp or fb it can even stay for 1 and half days without charging), speed is great. Even I have dropped it for atleast 3times but it's Nokia it's made for the rough life ðŸ˜„. It's working all good. The only concern is while using the portrait mode or sometimes even normal modes in bright light (not under the  sun) the phone gets heated up. That might be because of the metal body. But it's working perfectly. So I would say always go for Nokia.. it's a huge YES.",18-Nov-18,,https://images-na.ssl-images-amazon.com/images/I/71M1LxpWAEL._SY88.jpg,Yes,Nivya James,5,"Nokia 8 (Polished Blue, 64GB)","https://www.amazon.in/Nokia-8-Polished-Blue-64GB/product-reviews/B0714DP3BJ/ref=cm_cr_dp_d_show_all_btm?ie=UTF8&reviewerType=all_reviews
",Positive
"Good phone, needs camera and software updates optimization.","Few highlights after 1 year of usage:- 1) Battery: Lasts a day or more. Depends heavily on the usage. Sometimes drains with 4G and draining apps. 2) Camera: Expected a bit more from the camera especially the dual lens setup from Moto. It does a decent job but not top notch. Don't expect OnePlus like pictures (obviously) without editing. Selfie camera is good enough though. 3) Software: Bad experience here. Motorola management and devs need to up their game because we're getting Android Oreo after almost a year while Motorola promised it in early 2018. Only security patch updates were provided for a 16k phone with other competitors in the market. Software experience is stock though which is very good, no bloatware. 4) Gestures: I think the gestures and one button navigation is one of the best features of this smartphone. I use it on a daily basis (gestures only, not a big fan of single button navigation gestures but many people like it). 5) Turbo Charger: Very good, provides a great amount of charge in less time. One of the best that I've seen. But the cable plastic end got frayed. 6) Display & Design: Top notch for the price. One of the best in this price segment. However, the design gets wasted if you put it in a case :) 7) Rest: Snapdragon 625, 4GB RAM, 64GB Storage, no complaints here. Performance wise its good! (Funny though that Moto G6 has Snapdragon 450 for the same price at launch! What are you doing Moto?).",06-Oct-18,Colour: Lunar Grey,,Yes,Surya Saini,4,"Motorola G5s Plus (Lunar Grey, 64GB)",https://www.amazon.in/Moto-Plus-Lunar-Grey-64GB/product-reviews/B071HWTHPH/ref=cm_cr_dp_d_show_all_btm?ie=UTF8&reviewerType=all_reviews,Positive
